username,white_wins,black_wins
taranga,34,38
ducksandcats,14,29
vladimir-kramnik-1,22,28
chesscarl,18,27
docboss,1,25
king5891,20,22
smilsydov,15,21
doraemon61,18,20
artem555,14,18
cape217,2,18
dpoty,8,18
laode_syahril,16,18
saviter,14,18
sjeiben,9,18
smartduckduckcow,3,18
amanan,9,17
s-a,12,17
unrim,16,17
youralterego,14,17
lbringer,14,16
pavelsps,13,16
rodrigowski19,12,16
bigbrother101,11,15
divu7,8,15
jakubsagitario17,8,15
juncinmestrella,11,15
superhero098,6,15
thatguythatistr,11,15
aran09,4,14
chesskhovtsev,13,14
mahmoud_safyan,11,14
mazpharaoh,11,14
moistvonlipwig,4,14
bear789,12,13
cro_chess_fan,10,13
dimitris22,10,13
dkattir,9,13
dumbluck,0,13
jdbarger,8,13
jeffersondarcy1,7,13
loukas435,9,13
piley159,8,13
basakcesur,5,12
crixin,7,12
fazouane,6,12
first-time-1,10,12
fischerdipper,9,12
karsh,9,12
lolmens,8,12
nakuradesu,3,12
networkchess2,11,12
rhysmc123,8,12
saitama_opm,8,12
aboud,10,11
anastasia2009,8,11
blazingdragon,7,11
cdvh,6,11
chessmageddon,5,11
destroyer999,6,11
guru200773,9,11
mohammad_baharan,3,11
rb52,10,11
rembrandt16,6,11
sazed,6,11
thehutchtouch,9,11
webkin,8,11
zen3000,9,11
amir2002zzz,6,10
aqwert,8,10
bekzodjon,4,10
hick4u1219,0,10
isachess,8,10
jayaram,5,10
mmichael,8,10
romanar2006,8,10
rps_1899,7,10
sharkey101,8,10
tahastanly,4,10
darobertson,5,9
e6d4,7,9
eche777,4,9
erdugliano71,6,9
glzrchess,6,9
hasan_al-banna,6,9
mburch1974,3,9
mrtx,8,9
nicholas9999,3,9
redwood,6,9
runcrazex,7,9
steelviper,6,9
thegreatman06,8,9
tony995,5,9
viktorr,5,9
yht,2,9
aidenleahycrooks,1,8
andreas00,2,8
az_99,6,8
behrooz36tehran,3,8
bishopson,6,8
bpgbcg,6,8
chicago_chess,2,8
davidc87,7,8
fandm-lancaster,4,8
hamidreza,5,8
jovan_kingofkings,6,8
kyanh,5,8
peterqiu,7,8
reubpear,3,8
ridics,6,8
roman12342005,4,8
sassou,6,8
shadow1031,5,8
shmulke,3,8
theshelton,6,8
trrrrillionaire,6,8
wiggleitjiggleit,4,8
adriansywu,6,7
apfelschalen,6,7
barrow-wight,3,7
berder,2,7
cameronl86,1,7
danny77,1,7
dfdghgh,6,7
elcidestaron,3,7
fjachess,2,7
justanotherguy321,6,7
kaushik007,2,7
kerboodle,5,7
kyzuro,6,7
lcover,5,7
lichessfiend,6,7
lionnessebim1,5,7
mcdaman,6,7
mikiduda,5,7
motion,6,7
pageprotector,4,7
sagansaxo,3,7
seciyeli,0,7
shivangithegenius,4,7
vzg100,6,7
wojand,6,7
woodham,5,7
youredeadmeat,6,7
b2g4gotu,5,6
bernabe,2,6
carlosamadorsanchez,3,6
chez91,5,6
d_war,4,6
eideral,5,6
futuro_gm22,5,6
jdimojc,2,6
lubo10,3,6
manrod420,3,6
mitkonikov,3,6
mrphaseolusvulgaris,1,6
potatietots,4,6
rh-sah,5,6
riverside_monkey,2,6
schneetatze,2,6
theanonymousone,3,6
tidalbutt,5,6
vanirof,4,6
victorbrz,1,6
wellsaid,3,6
yotastrejos,5,6
aeilnrst,4,5
antons,4,5
babblingboy,4,5
bobbyevans,3,5
camelclutcher,2,5
chess_king3,4,5
doom12384,3,5
ecstasydrug,2,5
erikweisz,4,5
fistiko,2,5
hannibal66,1,5
hishamtheman,2,5
icewolf4,2,5
jlee96,3,5
jyotirmoy1997,4,5
kingcrazy99,3,5
majstor2650,2,5
mathhopper,3,5
mika2012,1,5
mistershy,4,5
raman1,1,5
redevening,1,5
schlendryan,1,5
smchess999,3,5
solidchess_hehe,2,5
vanitasmarilyn,3,5
wqf7,1,5
ytdvvc,2,5
-l-_jedi_knight_-l-,3,4
aleksander10032007,3,4
aliamini,3,4
amazingfoxtrot,0,4
andreas636,0,4
aragon26,3,4
arishikesh,2,4
armourbuddy,0,4
arnomass,0,4
bignoob1409,3,4
cmcookiemonster,0,4
cracking12345,2,4
crusova_35,1,4
dahabi,1,4
danko_25,1,4
drunkenfluteplayer,3,4
ed84,1,4
engcondor,1,4
gaymanipulation,2,4
hackov,1,4
hknight_chess,0,4
ianremsen,3,4
inuit_nunaat,0,4
jpadron19,1,4
jrandmaster,2,4
justinlew99,1,4
jutton1,3,4
kellyclarkson,1,4
lcf64,0,4
lextop,3,4
lynnpv,3,4
mahmoud-0,1,4
naoufel,1,4
nitsua49,1,4
odxaan,0,4
potshot,3,4
ppm,2,4
quantummequanic,3,4
ramin6009,0,4
razzzzy,2,4
roman_pham,0,4
shaeila89,0,4
sjamal99,0,4
sparkyman,2,4
tajberdi,1,4
thepawnsofwrath,3,4
tonyhuang19,2,4
v1chess,3,4
victress,3,4
vikrant_dalvi,0,4
whfo,0,4
yuredouglas,2,4
zazz4,3,4
a_th-19,0,3
ahmadirr,0,3
ajji58,1,3
alakard,2,3
alkun57,0,3
alvarovix,1,3
amo_0,2,3
amsou,1,3
antitexnik,0,3
artesano08,0,3
atarasenko,1,3
bischopscup,1,3
boberarena,1,3
brahim333,0,3
cadaca1,1,3
cantaloop,0,3
chess-stat,1,3
chessderek,2,3
chesshaar,0,3
chesshedron,2,3
crisis2016,0,3
cullarvega,2,3
darkknight11111,1,3
dazkins,2,3
dedy78,2,3
dragon__slayer,1,3
e-shaposhnikov,0,3
eightx8,0,3
exoprimal,2,3
faye,0,3
frankie0909,2,3
greenpeace48,1,3
heydar,0,3
i_am_mariam,0,3
inna457,0,3
ins0mn1a,0,3
instriker,2,3
iriskesss,0,3
jara_h,2,3
jialak,1,3
jomax100,2,3
jonkuc,2,3
keiwan,0,3
kingscrusher-youtube,2,3
konstantindn,0,3
kvs,0,3
lahayejose012,2,3
liamxddd,2,3
lightningviper,1,3
lolrager,1,3
luckyxthirteen,2,3
magnus_dong,2,3
mansoor_k11,0,3
marcton999,0,3
marigw,2,3
masterbigsuff,0,3
mauornelas,2,3
mbmlubos,0,3
mcforever,0,3
miqomanukyan2001,0,3
nightofblacksnow,1,3
nur0c,1,3
ospreyt,2,3
petarbosnjak,2,3
pfshawns,1,3
physicist1993,0,3
pjjjzz,0,3
ryukan,0,3
sam7neeee,0,3
sammybag101,0,3
samuelpro,2,3
sanchitkaushal,0,3
seanngo53,0,3
serial__chiller,2,3
sheik_yerbouti,1,3
shoshonte,1,3
singyoursong42,1,3
sollids,0,3
sp37578,1,3
svindled,0,3
szachysta,0,3
thebasicgru,2,3
thor92,0,3
tienc12345,1,3
timeisrelativ,1,3
titus369,2,3
total_chess,1,3
trashmaster,1,3
triskorg,2,3
trotil45,0,3
ucantcmeok,1,3
unicornz,2,3
v_clava38,2,3
waltersafarian,0,3
widja,1,3
wizard_nick,1,3
zoro94,2,3
2700172,1,2
8124524987,0,2
abcheck,0,2
accrochetaceinture,0,2
acidkat930,1,2
acsinteco,0,2
adhen,1,2
aidynnur,0,2
aimzzz,0,2
akmar,1,2
alandeejay,0,2
alefdz,0,2
aleff_blendon,0,2
alexey33,0,2
alfredgjoncari,1,2
alihan,0,2
amadofranco2016,1,2
amaury-larramona,0,2
anastasia_333,0,2
anatoliy287,0,2
anirban007,1,2
anos,0,2
antony056,0,2
arsib8989,0,2
artlncln66,0,2
assasin_creep,0,2
at70,0,2
axes,1,2
aynurr08,0,2
badrlamal,0,2
bartolomi,0,2
basaew,0,2
beingamin,0,2
benea,0,2
bishada,0,2
blablub,0,2
blueroja,0,2
brainiac007,0,2
budnii,0,2
bysns,0,2
canturkoguz,0,2
carneiro12,0,2
carson_wells,0,2
cederick,1,2
cemki22,0,2
centuri,0,2
charada,0,2
charlysunday,0,2
chases,1,2
checkmate3141,0,2
chess_pro_107,0,2
chessatnight,0,2
chessguy9002,0,2
chesspolio,0,2
chhaand,0,2
chiefjab,1,2
chiesu,1,2
clydefrog,0,2
cv1a,0,2
daerka,1,2
dan4ik941,0,2
danilasobolev,0,2
daniyal_rysaev,1,2
dantesmontecristo,0,2
darlibank,0,2
dasalvarp,0,2
dater,0,2
davidena,0,2
dgddgd,0,2
dijkstra,1,2
dinnei,1,2
dkazankov,0,2
dkgwby,0,2
dmarin5983,0,2
dnowchess,0,2
domyaty1953,0,2
dr_perdyllo,0,2
drmoeller,1,2
drunkbastard,0,2
dsalinas,0,2
duguesclin,0,2
eldiablo5,1,2
enialios,0,2
enoti222,0,2
enprise2,0,2
episode,0,2
evansimone,0,2
ezevereth,0,2
fabiodemarco,0,2
faridov,0,2
felipenestor01,0,2
fernholz,0,2
fingers33,0,2
flamingwind,0,2
fmshawnrl123,1,2
foucheval,0,2
foxman2010,0,2
frank01,1,2
galih88,0,2
gallosantoss,0,2
gambeet21,0,2
gelus,1,2
georg01,0,2
gerardfredj,0,2
gesoo,1,2
gharybeh,0,2
ghesah3000,0,2
gianflisi,1,2
gid,1,2
ginreck,0,2
gionabaldo,0,2
gioscorpi,0,2
glonnee,0,2
gordonshimm,1,2
granrob,0,2
grego77,0,2
grigoriy-66,1,2
guestpadawan,1,2
gunsti,0,2
hakanerkam,0,2
happycuber,0,2
hartonorahman,0,2
hephaestion,0,2
hft,0,2
hightwaytohell,0,2
hoktar,0,2
holyship,1,2
hooponopono,0,2
hunbee,0,2
hunecel,0,2
hungcuong,1,2
hvtd,0,2
indigo_chess,0,2
ioansanders,1,2
iranmat89,0,2
iwannabelikemike,0,2
iwikipedia,1,2
jackdahouse,0,2
janfrode,1,2
javadhajizadeh,0,2
jdominguez,0,2
jjplayz,0,2
jojack,0,2
jokijo2002,0,2
jore82,0,2
jourapoura,0,2
journey_to_nm,1,2
jposthuma,1,2
juozaskaz,1,2
jzcarr55,0,2
k-o-p-o-j-e-b-a,0,2
kasparov3000,0,2
kayvan0098,1,2
kerilka,0,2
khosro1340,0,2
kimmmmi060,0,2
kingfbh,1,2
koksalakdeniz,0,2
komgoo,0,2
kotbapkot,0,2
krish1991,0,2
kriss,0,2
krluch,0,2
kshaz,0,2
kylecuver1,0,2
lacrome,1,2
lajniko,0,2
lallabiga,0,2
landscaping123,1,2
lasttry,0,2
ledaua,1,2
legendaryherojuice,0,2
lespinet,0,2
li1chess,0,2
licko,0,2
lifchrs,1,2
llmagnusll,0,2
lopinnho2016,0,2
loveotsuu,0,2
ls,0,2
luandson,0,2
luckyshine123,1,2
lyca,1,2
mabrown86,1,2
madleotindas,0,2
maelic,0,2
magrabi,0,2
mahdi20014,0,2
maicon92,0,2
majid81,0,2
mamontidla,1,2
mansour99,0,2
marckflow,1,2
marcoajedrez,0,2
marikov,0,2
marshallow,0,2
martineden11,1,2
master_1955,0,2
maximus97,0,2
maxzep64,0,2
medanky64,1,2
meekrose,0,2
megamind20765,1,2
meoc,0,2
mhmtdrr,0,2
michael_hackett,1,2
microcommega,1,2
mimirilinguis,0,2
mohammadparham,0,2
morg1515,0,2
mr47,0,2
mr_pablo,0,2
mr_poleanu,0,2
mra_py,1,2
mysterious_expert,0,2
naderat65,0,2
nadinal,0,2
nekedisjo,0,2
nicimacar,0,2
nightdozorer,0,2
nikitachess,0,2
nitxcool,0,2
novato09,0,2
onedfour,0,2
onlysully,1,2
ox_brilliant,0,2
ozi,0,2
paavel02,1,2
pablog2200,1,2
pachiviris,1,2
pale-blue-dot,0,2
pankr,0,2
papanister,0,2
paparook,0,2
partiallyundead,1,2
partoazhdary11,0,2
pasch0s,1,2
paspalov,0,2
paulrizzi,1,2
pavvell,0,2
pedronev,1,2
penguin_lo,0,2
personalidad,0,2
picchiolu,0,2
plovediv_69,0,2
polydoro,0,2
poshgirl,0,2
powodzenia,0,2
prabhakarchand1,0,2
pramath91,0,2
premg,0,2
purg4tory,0,2
q_ban,1,2
quadrivium7,0,2
queops,0,2
quintinator,0,2
qxxxx,0,2
raf48,0,2
rafael_ludy,0,2
raking41,0,2
ramso101,0,2
raspoutine,0,2
raubstein,0,2
raysendeleo,0,2
realmadrid69,0,2
reda2345,0,2
rex99,0,2
reza-kondazi,0,2
riccovieira,0,2
riverroad,1,2
robertg6,0,2
robin512,0,2
rodny21,0,2
roso97,0,2
rowanriney,0,2
rustam9,1,2
ruysicilianlopez,1,2
sadlittleturtle,1,2
saladrocket,0,2
savalet97,0,2
scaccofelice,0,2
sergik91,0,2
sergipechess,1,2
sesh,0,2
si73,0,2
silasolveirasilva,0,2
slm_mhr,0,2
sorethea,1,2
soric,1,2
sosnovsky,1,2
spcwby,0,2
stylishplyr,1,2
sudebala,0,2
sunnyside41st,0,2
swaltersson,1,2
synadze,1,2
taborluna,1,2
tacticalwizard1,1,2
tambwe,0,2
tanganika,0,2
teachmeeee,0,2
temi4,0,2
thatmanlyllama,0,2
theblairloggie,1,2
thony-ghali,1,2
thor401025,0,2
thunder2008,0,2
tigersounak,1,2
tironislux,1,2
tjk125hqf,0,2
tokbora,0,2
tomtomchess,0,2
tong1995,1,2
tony98000,1,2
totoj,0,2
udav202,0,2
ultranice,1,2
vadim52,0,2
vahehabram,1,2
vanquil,0,2
varujan1,1,2
vector1,0,2
verikt,1,2
vevo57,1,2
vibraz,0,2
viljamijii,0,2
vitallii83,0,2
vlad48,0,2
vladimirzozulya1500,0,2
wachmacher,0,2
wall-of-shields,0,2
walywin,0,2
wolfbrotherwolf,0,2
xgen,0,2
xlarevo,0,2
xxmlgswegxx,1,2
yenyen,0,2
yersinia,0,2
yosoyfenix,0,2
youngmoney2299,1,2
yura1204,1,2
zugaddict,1,2
zviad2016,0,2
zzhdan,0,2
1111112222,0,1
334,0,1
89178820401,0,1
a-devi,0,1
a55s72,0,1
a9200012,0,1
aa22bb,0,1
aabmuslim,0,1
aaoott,0,1
aart7778797,0,1
abba111,0,1
abcd1611,0,1
abdalla1,0,1
abdo72,0,1
abdollahi41347,0,1
abdosalah,0,1
abdoshepl,0,1
abdulmajeed21,0,1
abekabek,0,1
abel233,0,1
abhydtech,0,1
abidara,0,1
abiyogenez,0,1
abmarac,0,1
abner93rubiks,0,1
abolfazlm72,0,1
abondano,0,1
aboohanafi,0,1
abricot,0,1
abrigo,0,1
abstractmind_77,0,1
absyntheminded,0,1
acadakic,0,1
achikotetunashvili,0,1
acidrain89,0,1
acye,0,1
adamsoun,0,1
adarsh2001,0,1
addgun,0,1
addytino,0,1
addyw,0,1
adesh46,0,1
adesso,0,1
adikamat,0,1
adilet123,0,1
admirim_i,0,1
adrian123456789,0,1
aev,0,1
aevitiello,0,1
afgalin,0,1
africool,0,1
afysan,0,1
agremond,0,1
aguilajc,0,1
agustincfco,0,1
agvega14,0,1
ahaanomegas,0,1
ahm7777,0,1
ahmad1,0,1
ahmad909,0,1
ahmad___salehi1367,0,1
ahmed-1977,0,1
ahmedmachine,0,1
ahmet_d,0,1
ahmethamit,0,1
ahtoxa82,0,1
aibashov_azamat,0,1
aig,0,1
aigus,0,1
aikidable,0,1
aimery,0,1
ajay_27,0,1
ajdar1360,0,1
ajps17,0,1
ajveno,0,1
akhenaton,0,1
akin_fatih,0,1
akula2708,0,1
alalkant,0,1
albacea,0,1
albarnal,0,1
alber85,0,1
albert_vicario,0,1
albertocdj,0,1
albertolondonom,0,1
alc_rabie,0,1
alcaponehun,0,1
alcewere,0,1
aldar_khaidakov,0,1
aldok,0,1
aldomorphy,0,1
alecs,0,1
aleechi,0,1
alejandro555,0,1
alejandro_spb,0,1
alejandroalfaroq,0,1
aleks22,0,1
aleks7397,0,1
aleksander_80,0,1
aleksandr60,0,1
aleksandrs79,0,1
aleksandrsedleckij,0,1
aletranger,0,1
alevipj,0,1
alex198013,0,1
alex7kr_ru,0,1
alex_smite,0,1
alexander1974,0,1
alexander99trg,0,1
alexanderar1977,0,1
alexanderbtc,0,1
alexanderchessu,0,1
alexanderx,0,1
alexandr2017,0,1
alexandrs,0,1
alexandrsolodovnik,0,1
alexc5325,0,1
alexdp777,0,1
alexis_1983,0,1
alexmerak,0,1
alexusa,0,1
alexxflow91,0,1
alexxskander,0,1
alfiereloco,0,1
alfildetroya,0,1
alfio,0,1
alfredenewman,0,1
alfredo12321,0,1
alfredo17,0,1
alfredo1979,0,1
ali013,0,1
alifargggg,0,1
alimehrabi,0,1
alin86,0,1
aliraqy,0,1
alireza3311,0,1
alireza_khamseh,0,1
alivalizadeh,0,1
alizali,0,1
aljaci,0,1
aljndrdch,0,1
aljon1,0,1
alkeal,0,1
alkhan,0,1
allypallyy94,0,1
almanya_online,0,1
alnimur,0,1
aloe78,0,1
aloneshadow,0,1
alpay_o,0,1
alpheus23,0,1
alpv,0,1
altaets,0,1
altayuraloff,0,1
alwi,0,1
amaral22,0,1
amateur2014,0,1
amazighyoughorta,0,1
amerchan,0,1
amidou,0,1
amin99,0,1
amir066,0,1
amir337,0,1
amirhkooh,0,1
amithashetty,0,1
amitshrivastav,0,1
amomchilov,0,1
amor-fati,0,1
amplon,0,1
amro16,0,1
an55,0,1
anandanpaldurai,0,1
anatol1984,0,1
andersongot,0,1
andi74,0,1
andicanrac,0,1
andrealox,0,1
andreavcp,0,1
andrei70ster,0,1
andreican,0,1
andrew-rus-kursk,0,1
andrew55,0,1
andrey111111,0,1
andrey1993,0,1
andrey33,0,1
andrey_shans,0,1
andriuxa-80,0,1
androsov,0,1
andychem70,0,1
aneses,0,1
ang3l-doz3,0,1
angelasturias,0,1
angelfire,0,1
angelica13,0,1
angelinric,0,1
angelo701,0,1
angelo76,0,1
angelpov,0,1
anjeneyar,0,1
anmjr,0,1
annie94,0,1
anonidark,0,1
anonymous_enemy,0,1
anoona,0,1
anopows,0,1
ansjovis86,0,1
antagui,0,1
antman724,0,1
antnishu,0,1
antoine_levinbal,0,1
antoinepetrov,0,1
anton_kaktus,0,1
antoniovictortg,0,1
antoniusblock76,0,1
antonydoytchev,0,1
anvar1995,0,1
anyckin,0,1
anz17,0,1
apazovich,0,1
apicots,0,1
apollonic,0,1
apostolovo72,0,1
apple99,0,1
applepie5453,0,1
apu3,0,1
aquileni,0,1
arabboy,0,1
arad1948,0,1
araratjan,0,1
arashad,0,1
arashrezaie,0,1
arbren,0,1
archimedes3000,0,1
architpatel,0,1
ardacankurt,0,1
ardiansyah_vr46,0,1
arfanssianaklangitt,0,1
arfhan,0,1
arg_ks,0,1
argentariy,0,1
argrishin,0,1
arian95,0,1
arielatom,0,1
arjan1967,0,1
arjunshenoyk,0,1
arkan1212,0,1
armandov777,0,1
armansoroush,0,1
armelin7,0,1
armo96,0,1
armos,0,1
arroyon,0,1
arsenioma,0,1
arsura,0,1
artem2008,0,1
artematonot,0,1
artemychbutchenko,0,1
arthana,0,1
artsyd,0,1
artur799,0,1
arturopalacio,0,1
arukazu,0,1
as1204gj,0,1
asghar70,0,1
ashis_ch,0,1
ashishbarda,0,1
asiantim09,0,1
asilda,0,1
asinusumut,0,1
askesis,0,1
aswood,0,1
asxetilas,0,1
atayi,0,1
atosaur,0,1
atreblabo,0,1
attemptedbanana,0,1
atterrisques,0,1
atvars66,0,1
audiot,0,1
aufhebung036,0,1
augusto09,0,1
augustus33,0,1
aungphyominarsam,0,1
aurelianorm,0,1
aurelio890,0,1
aureliosaavedra,0,1
auygurbalik,0,1
avallanche,0,1
avas,0,1
avaysberg,0,1
avb123,0,1
avestruz,0,1
avichal,0,1
avill050,0,1
avivatico2,0,1
avm1979,0,1
avolt,0,1
awangkoteng,0,1
awaretenacious,0,1
awesome_aza,0,1
axe9,0,1
axelxdxd,0,1
axouu,0,1
aycockd1,0,1
ayman78,0,1
aynaz22,0,1
ayungputra,0,1
azdynr,0,1
aziz_nv,0,1
azizhoca,0,1
aztecking35,0,1
azur0609,0,1
b3nszy,0,1
baal19,0,1
bababird,0,1
babadouk,0,1
babychess3,0,1
baccola89,0,1
back2basics,0,1
backrosky,0,1
badbishopjones,0,1
baebraham,0,1
baep,0,1
bagelsfu,0,1
bagram,0,1
bahman20177,0,1
bahram123,0,1
baleful,0,1
balkarec,0,1
bambargera,0,1
banana-kun,0,1
banana_boat,0,1
banco,0,1
bandessz,0,1
banem,0,1
banga,0,1
bano,0,1
bappy6465,0,1
baran-41,0,1
bardamu31,0,1
barnak,0,1
baroja,0,1
bartoszgala,0,1
bartsimpson6,0,1
bash0707,0,1
basil726,0,1
basillio88,0,1
bassem1963,0,1
bastian2009,0,1
bastim,0,1
batdk59,0,1
batmangambit,0,1
batya229,0,1
bav016,0,1
bayabaya,0,1
baykus,0,1
bazinga51,0,1
bbmoro,0,1
bchessl,0,1
bchron,0,1
bear_1102,0,1
bearwolfff,0,1
beata321,0,1
beetail,0,1
beezeman1,0,1
behnam2523,0,1
behpour-shi,0,1
belikemike,0,1
beliskocacoglu,0,1
bellyscratcher,0,1
belphegor,0,1
ben1181,0,1
bendomo,0,1
benjamimh,0,1
benjaweiner,0,1
benmakhlouf_yns,0,1
benno8,0,1
berdde,0,1
berlioz52,0,1
beroes,0,1
berreta,0,1
bert9999,0,1
beshoysam1,0,1
bestiaparda,0,1
betopatruca,0,1
beuz,0,1
bezumecvasya,0,1
bezzer,0,1
bezzy3004,0,1
bhaa,0,1
bhautik2,0,1
bhuvi0372,0,1
bichodoido,0,1
bidjack,0,1
bigbarbos,0,1
bigdimmer,0,1
biggordon333,0,1
bigiggye,0,1
bigkum,0,1
bigmonster4,0,1
bigpawn16,0,1
bigsukay,0,1
bihin_chee,0,1
bikku,0,1
bilrost,0,1
bilsdj14,0,1
bin16tan,0,1
binarycosmonaut,0,1
binboy,0,1
bionivek,0,1
birgul,0,1
bisekenov,0,1
bishopkerry01,0,1
bishopsacrifice,0,1
biv64,0,1
biyanivedant01,0,1
black_horse7,0,1
black_slonik,0,1
blackhat46,0,1
blackjack68,0,1
blackshelter,0,1
blacktal1899,0,1
blade119,0,1
blazingheart,0,1
blforzainter,0,1
blitz33,0,1
blitzerking,0,1
blood_knight,0,1
bloodbrother777,0,1
blue_beach,0,1
bo32,0,1
bobby-mitovsky,0,1
boby6849,0,1
boccia,0,1
bodhisatta7,0,1
bogdan2006,0,1
bogdankukic,0,1
bogeyman,0,1
bogkovrov,0,1
bohlool,0,1
bohne,0,1
boldnbald,0,1
boojmehrani,0,1
boratkazakhstan,0,1
borbapvb,0,1
borbor37,0,1
borchess,0,1
boringplayerzzzz,0,1
borisguiller,0,1
borja999,0,1
borntexan,0,1
boseayan,0,1
bossofcourse,0,1
bot92,0,1
boulogne-sur-mer,0,1
bozy,0,1
br_victorhugo,0,1
brain5,0,1
brainlinks,0,1
brainsurgery,0,1
branconi,0,1
brandoncordova,0,1
brasi,0,1
bratt,0,1
brelan,0,1
brianc444,0,1
brianzalcolica,0,1
briguy86,0,1
bringue,0,1
brisas,0,1
brookeb1995,0,1
brotback,0,1
brunotartiste,0,1
btanwin,0,1
bubybuby,0,1
buckeye64,0,1
budun67867,0,1
bugatsinho,0,1
buh0,0,1
bulldog63,0,1
buntar,0,1
buntownik,0,1
bunyamin4647,0,1
buraczek,0,1
burlak,0,1
burningspirit,0,1
burstoutlaughing,0,1
bus1408,0,1
buszmenik,0,1
butagaz-parov,0,1
buzz88,0,1
bwbbaker,0,1
bzhvarik,0,1
c4ue,0,1
cabrera1,0,1
cadmos16,0,1
caencan,0,1
caipivara,0,1
calamity6,0,1
cale83,0,1
calebalmao,0,1
caliber56,0,1
calso,0,1
caminante,0,1
campelovisc,0,1
can007,0,1
canadave,0,1
cancanyc,0,1
candylover,0,1
canid,0,1
capablancasgood,0,1
capitanio,0,1
capo19,0,1
capobruno,0,1
caradura2,0,1
carl2000,0,1
carlbauer,0,1
carlesgis,0,1
carlos-freire,0,1
carlos0575,0,1
carlos1700,0,1
carloshrc,0,1
carlosmagnussen,0,1
carlosortizgarrido,0,1
carluchossl,0,1
casparouf,0,1
cassioparov,0,1
castro830,0,1
casual173,0,1
catenaccio451,0,1
catmyledy,0,1
cause_complications,0,1
causita,0,1
cbarhale,0,1
ccg_tabiler,0,1
cdwood44,0,1
cedrus,0,1
cek-in,0,1
cel22,0,1
cem2237,0,1
cerebralassassin19,0,1
cesaringy,0,1
cescos,0,1
cesium,0,1
cesp62,0,1
cexercisse,0,1
cfazuero1,0,1
cfloyd,0,1
chad628,0,1
chaiiir,0,1
chambaru,0,1
chanakya,0,1
chandu007,0,1
chapson,0,1
charafovic,0,1
charles12345,0,1
charlie-z-said,0,1
chathurawdilshan,0,1
chciewoj,0,1
che33,0,1
checkersman,0,1
checkerssux,0,1
cheeky,0,1
chegovny,0,1
chelahov,0,1
chelsey_00,0,1
chenc2o2,0,1
chenglun1,0,1
ches_acc_cuandrej,0,1
chess-king-26,0,1
chess4life23,0,1
chess_move,0,1
chess_scout,0,1
chess_student1974,0,1
chessagent0,0,1
chessandgrace,0,1
chessatom,0,1
chessatwar_99,0,1
chessbaazer,0,1
chesscandance,0,1
chesschocolate,0,1
chesscoach,0,1
chessdaddy53,0,1
chessdroid,0,1
chessenthusiaste,0,1
chesserye,0,1
chessfantom,0,1
chessgpi,0,1
chessi96,0,1
chessie66,0,1
chessiyzi,0,1
chesskm8,0,1
chessluis3894,0,1
chessmanvlg,0,1
chessmaste,0,1
chessmasterhex70,0,1
chessn00b47,0,1
chessnam,0,1
chessnovato,0,1
chesspain22,0,1
chessplaye,0,1
chesspro660,0,1
chessqueen48,0,1
chessssehc,0,1
chesswithcoach,0,1
chessy_7,0,1
chilllax,0,1
chimeravirus,0,1
chimimdq,0,1
chingori,0,1
chinmaysharma,0,1
chipper,0,1
chirulito,0,1
chivitzzz,0,1
cholo19,0,1
chopptimus,0,1
chris5150,0,1
chrisfen,0,1
chrisg97,0,1
chrisitane-taubira,0,1
christianobuys,0,1
christkaps,0,1
chtichessplayer,0,1
chudoyudo,0,1
chuppa,0,1
ciccio999,0,1
cielpaiva,0,1
ciklyk,0,1
ciocirlan,0,1
cipri,0,1
cipriand,0,1
citrus2014,0,1
cixon123,0,1
cjhagberg,0,1
ck666,0,1
cktopshot2,0,1
claudiovaca,0,1
clemens90,0,1
clevernoob,0,1
clikmate,0,1
cloaked,0,1
clumper,0,1
cm0911,0,1
cmcc,0,1
coach01,0,1
cocinda,0,1
cocomo,0,1
cokoy,0,1
colin_ni,0,1
colinconnor814,0,1
columbo1976,0,1
combenk,0,1
computer-1,0,1
conan66,0,1
condor71,0,1
consun,0,1
cookiebiscuit,0,1
coolcalc,0,1
cooper83,0,1
coralcave,0,1
corsanglais,0,1
costinhas,0,1
cozarec,0,1
cptkirchhoff,0,1
cracovia,0,1
craig77,0,1
craigx,0,1
crazyduke7,0,1
crazylambda,0,1
crazymove,0,1
creeks,0,1
creng,0,1
crimson-scythe,0,1
crisbc36,0,1
crissam,0,1
cristianvazquez,0,1
cromanoide,0,1
crucify_me,0,1
crushmik,0,1
cscapsule,0,1
cserpesgabo,0,1
csiga13,0,1
csondi21,0,1
ctnasln,0,1
cupdejan,0,1
curtisptrsn,0,1
cuyomorphy,0,1
cvbj,0,1
cventin,0,1
cyp18,0,1
czechrep,0,1
d3jan11,0,1
d_agbi,0,1
da95,0,1
dac23,0,1
dado-1,0,1
daffa16,0,1
dahlioz,0,1
daimos,0,1
daktilo,0,1
dalmatinac,0,1
damakhlouf,0,1
damanca8,0,1
dambrosio1971,0,1
dandanua,0,1
dands,0,1
danial2222,0,1
danielgoulart,0,1
daniellucho100,0,1
danielmagalhaes,0,1
danielomarto,0,1
danielpnh,0,1
danieluc21,0,1
danielvt22,0,1
danrad,0,1
danseptinusjimb,0,1
dansker,0,1
danspielt,0,1
danst3rs,0,1
danya068,0,1
danyels1cool,0,1
daquan,0,1
dardemoshtarak,0,1
dariushbaz,0,1
dark_knight_666,0,1
darkclassic,0,1
darknight11-11,0,1
darkwasthenight,0,1
darlship,0,1
darthtommy,0,1
dat_zacha,0,1
daveyjones01,0,1
david-innes,0,1
david1488,0,1
david1_tev,0,1
david2009,0,1
david_saez,0,1
davide1972,0,1
davidffd,0,1
davidmcdavidface,0,1
davidparse,0,1
davincci,0,1
davo_bul,0,1
dawei,0,1
dayne,0,1
dcsupergirl,0,1
dct94,0,1
ddd12345,0,1
deathbyakillermonkey,0,1
decia86,0,1
deepak22101987,0,1
deepakuk,0,1
def--spb,0,1
dekac144,0,1
deliballi,0,1
delzolal,0,1
demetriostratos,0,1
demirxdxd,0,1
demo81,0,1
denden_gra,0,1
deni88,0,1
denis2000,0,1
denisoc,0,1
denisovartemii,0,1
deniz2na,0,1
denkiev,0,1
dennis16,0,1
dentarthur,0,1
dentist23,0,1
deoleo,0,1
depechetoi,0,1
depleas,0,1
derevnja,0,1
derrotado,0,1
derya-66,0,1
desalemare92,0,1
desko74,0,1
destroyer4,0,1
desumark,0,1
dexter_ni,0,1
dginni,0,1
diamondinleague,0,1
diasputra1112,0,1
dicksy155,0,1
didit,0,1
diego12joander,0,1
diente,0,1
dietrich1938,0,1
digger059,0,1
digvijay,0,1
dildil,0,1
dillanmichaelpr,0,1
dimak8,0,1
dimanew,0,1
dimanov,0,1
dimehola,0,1
dimitrapdm,0,1
dimitris76,0,1
dimitrovgrigor,0,1
dimkao8,0,1
dimontus,0,1
dimsans,0,1
dineshar,0,1
dinklebergus,0,1
director1988,0,1
diro,0,1
divendi,0,1
diversions1836,0,1
divinchi,0,1
divone,0,1
djd38,0,1
djg58,0,1
djons,0,1
djordjepunos1,0,1
dkermanns,0,1
dkorezin5,0,1
dmitriy7736,0,1
dmitriy_pskov,0,1
dmitryrustamovich,0,1
dobarnamjemirkan,0,1
doc6jv,0,1
docloas,0,1
doctor_alexandra,0,1
doctorplis,0,1
doctorsuage,0,1
dogancanbaris92,0,1
dohrenmardes,0,1
doktorcar,0,1
dolg,0,1
dom_barone,0,1
dom_perignon,0,1
dominator27,0,1
dominikjurko,0,1
donatelo42,0,1
donex1,0,1
dooda,0,1
doodak,0,1
doofershmitz,0,1
dorliss,0,1
dorzheevab,0,1
doublejean,0,1
doudblast,0,1
dr61,0,1
draaier,0,1
draconikus,0,1
dracoxvitae,0,1
dreamyelectricsheep,0,1
drew666,0,1
dreypat,0,1
drford,0,1
driesronsse,0,1
drnicolas,0,1
droped,0,1
drv15,0,1
dtfvmd,0,1
ducati1198,0,1
duchess_of_prawns,0,1
duck3ds,0,1
dulepvc19,0,1
dumabo555,0,1
dunker62,0,1
dusankub,0,1
dvandvah,0,1
dvd94,0,1
dwalin,0,1
dylangaming1,0,1
dystopianoverture,0,1
dzaferagic,0,1
dzhambul,0,1
dzigibau,0,1
eallerg,0,1
eastlynne,0,1
easytoday,0,1
ebrahim1358shefaati,0,1
ebrahimzare,0,1
ebram,0,1
ebramj,0,1
ebzr,0,1
ecmoraes,0,1
ecw312,0,1
edamboulares,0,1
edavicious,0,1
eddie10,0,1
edenshaul,0,1
edgarpellia,0,1
edilsonpery,0,1
edjord24,0,1
ednallor,0,1
edsonpanozo,0,1
edujer,0,1
edwinchav,0,1
edycorp,0,1
edzie,0,1
efc1985,0,1
efer003,0,1
efra3d,0,1
egatron,0,1
egor2001,0,1
egychess,0,1
ehsanundertaker,0,1
ejc,0,1
ejik42,0,1
ejohn94,0,1
ekber,0,1
ekko99,0,1
elcoco,0,1
electric_max,0,1
elena_21,0,1
elevatorcable,0,1
elfen,0,1
elgred,0,1
elhadybezeid,0,1
elias2011,0,1
elleestelle,0,1
elpaco,0,1
elpidio,0,1
elro,0,1
elsalvadorp,0,1
elsonfariasbarbosa,0,1
elyshev94,0,1
elysiantri,0,1
elysiongod,0,1
emadahmed,0,1
emelianenko,0,1
emmanuelromo,0,1
enigmacode,0,1
enol99,0,1
enrokeitor,0,1
enterpetra,0,1
enviro,0,1
eolo999,0,1
epicchess66,0,1
epicm14,0,1
epiloguehouse,0,1
ercazzaro,0,1
erciodo,0,1
erdem,0,1
erdem81,0,1
erendsi06,0,1
ericdaniel04,0,1
ertugrull01,0,1
erupot,0,1
esenkaya20,0,1
esequibo-venezuela,0,1
eskipur,0,1
etacarinae,0,1
euazama,0,1
eucliides,0,1
eugenebig,0,1
eugeniobarros,0,1
everhahue,0,1
evertoncoelho,0,1
exoice,0,1
exta,0,1
eze33,0,1
ezi9500,0,1
ezio9494,0,1
fabo84,0,1
fabuloso,0,1
facaamarela,0,1
facu1,0,1
facuuu,0,1
fagnermartins,0,1
fairypony,0,1
fakemagnuscarlsen,0,1
falsus,0,1
faluba1,0,1
fandmlancaster2,0,1
faresanta,0,1
farrukhasomiddinov,0,1
farshid_51,0,1
fassi_56,0,1
fatih221b,0,1
fatihkksl,0,1
fausto1990,0,1
fcolpo,0,1
fcomoreno,0,1
fdar,0,1
febozn,0,1
fede220490,0,1
federico16,0,1
federico57,0,1
federicob,0,1
fedevillarinos,0,1
felamir,0,1
felipedias,0,1
felixito,0,1
feloniousmonk,0,1
fenix322,0,1
ferbia,0,1
fercho10,0,1
feric,0,1
feridoon2222,0,1
fermingonsalez,0,1
fernanvm,0,1
ferracen,0,1
ferroid1,0,1
ferz1,0,1
feugerkov,0,1
fewfiet,0,1
ffbob,0,1
fft,0,1
fgf1967,0,1
fi2506,0,1
ficher2016,0,1
figue24,0,1
fiksse,0,1
filipfico,0,1
filixius,0,1
fillip,0,1
finessemax,0,1
fingerblast,0,1
fingerek,0,1
firstrow,0,1
fischer5000,0,1
fischerfisch,0,1
fisher_gary,0,1
fisheraitak,0,1
fjodo,0,1
fjsr,0,1
fl0yd,0,1
flash6666,0,1
flashharry,0,1
flatearther,0,1
flawed,0,1
fleischer14,0,1
flive,0,1
flow1234,0,1
flowg10,0,1
fluxion,0,1
flyandr,0,1
fntms,0,1
fonty1017,0,1
for_star,0,1
foreverunder1500,0,1
fouduroifrance,0,1
foufi88,0,1
fr77127,0,1
fradi55,0,1
fran_1991,0,1
francesso,0,1
francis173,0,1
francooooooo,0,1
francopg1969,0,1
francoy1989,0,1
frank76,0,1
franknl,0,1
frannmazzo,0,1
franxisco,0,1
frean,0,1
freedombanker,0,1
freehumanity,0,1
freeloader,0,1
freeratingpoints,0,1
freetjjtds,0,1
frella,0,1
freshkid,0,1
frietvanpiet,0,1
frompisaitaly,0,1
frostbittenkitten,0,1
fslima,0,1
fujilee7,0,1
fumbler,0,1
funaki,0,1
funplay,0,1
furace,0,1
furkan123,0,1
future-hero,0,1
futurjohnnix,0,1
fva,0,1
fynjygtnhjd21,0,1
fyodord,0,1
gabigs,0,1
gabrielgil,0,1
gagarin-2,0,1
gagge59,0,1
galaxychess,0,1
gambo-fett,0,1
gametry1,0,1
gammalgnu,0,1
garcesdelatorre,0,1
garrigal439,0,1
gas_1948,0,1
gaspare954,0,1
gaston2017,0,1
gaston67,0,1
gastone29,0,1
gauvinator,0,1
gazfink,0,1
gbozzini,0,1
gecko_cba,0,1
geka77ua,0,1
gelium,0,1
geminitilidie,0,1
gemyej,0,1
genazavr,0,1
gengargrin,0,1
genisineg,0,1
genius93,0,1
gennadiy1985,0,1
geogen,0,1
georgebaker,0,1
georgezig,0,1
gergelmeister,0,1
gfdsa,0,1
ggstedelijk,0,1
ghanidiniho,0,1
ghix,0,1
gholamreza1341,0,1
ghost24,0,1
giamp8,0,1
gianlucakebab,0,1
gianni47,0,1
gianniboy,0,1
gianuzio,0,1
gibsonlespaul,0,1
gidania,0,1
giggidy,0,1
gigino99,0,1
gingeleskie,0,1
gio95,0,1
giobanas,0,1
giosav,0,1
gitong,0,1
giul,0,1
gkkob,0,1
gladius95cc,0,1
gladpie,0,1
glazier,0,1
gm1234,0,1
gmroberthortal,0,1
gmscuzzball,0,1
goandcheckers,0,1
godlikemoves,0,1
godsavemykwin,0,1
godson19,0,1
gogolsfc,0,1
golden06,0,1
goldenboy74,0,1
goldenrod,0,1
goldgamer777,0,1
goldy_pama,0,1
golobolus,0,1
golova1981,0,1
gomer13579,0,1
gommaio,0,1
goncalossantos,0,1
gondolin,0,1
gondoro,0,1
gonzacoll,0,1
gonzalo87,0,1
goodboybishop,0,1
goosebumps,0,1
gornyak,0,1
gorsh78,0,1
gpenrosa,0,1
graeen,0,1
granagieldziepl,0,1
grandetorre,0,1
grandmayor,0,1
grealsan,0,1
greenghost,0,1
grekers,0,1
grewia,0,1
greybeard23,0,1
gri3ver,0,1
griq333,0,1
gritodeguerra,0,1
grizzt,0,1
gronen,0,1
grooveman,0,1
grossology,0,1
grouchom,0,1
grudina,0,1
gti_sena,0,1
guber1962,0,1
guerreiro99,0,1
guerreroh2,0,1
guest7777,0,1
gugusheep,0,1
guilherme1983,0,1
guilmocat,0,1
gula78,0,1
gulskog,0,1
gusoku,0,1
guustflater,0,1
gyovanne_br,0,1
gyryth,0,1
h2ftw,0,1
habboush,0,1
hadimotamedi,0,1
hadisalimy,0,1
hafz1350,0,1
hagi,0,1
hagitragger,0,1
hahahahnoob,0,1
haithmnedhal,0,1
haji-abbas,0,1
hajsen,0,1
haleek,0,1
halidov,0,1
halma-gott,0,1
halo-halo,0,1
hamaramanish,0,1
hamdullah,0,1
hamed1234,0,1
hamid9,0,1
hamidic,0,1
hamir,0,1
hamzaahmedadam,0,1
hamzeh_persian,0,1
handuk86,0,1
hanngar87,0,1
hansdampf,0,1
happysidney,0,1
hard2kill74,0,1
harenko,0,1
hareya,0,1
harimato,0,1
harland,0,1
harnyj,0,1
harveyg123,0,1
hary_husic,0,1
hassan85,0,1
hassan856,0,1
hasseplayschess,0,1
haumer4hans,0,1
havesetwilltravel,0,1
havidrc,0,1
hccprofessor,0,1
hcm10,0,1
heathers,0,1
hechicero-419,0,1
hechmi,0,1
helderjacinto,0,1
helenohsb,0,1
hello17,0,1
hemeni,0,1
henri9,0,1
henrique17,0,1
henryk44,0,1
hephestus,0,1
heritopes,0,1
herk,0,1
hero100,0,1
herzo,0,1
heset1965,0,1
hetortitor1,0,1
heureusement,0,1
hexen34,0,1
hghharsh,0,1
hickok45,0,1
hidayetbas,0,1
hido,0,1
hikar,0,1
hiramt,0,1
hitotu35,0,1
hjkp,0,1
hkntgbbrn,0,1
hogen,0,1
holl01,0,1
hollodrijo,0,1
homayoni,0,1
homersimpson1,0,1
honzarusnak,0,1
hopewins,0,1
hortense,0,1
hosein_rabiee_g,0,1
hossein5151,0,1
hossin62,0,1
hottekohl,0,1
houdani,0,1
houra,0,1
hout14,0,1
hpustela,0,1
hqfrequency,0,1
hs2000,0,1
hsnakc,0,1
hubertw,0,1
hulumululumu,0,1
human2015,0,1
humus_land,0,1
hungryg,0,1
huseyin48,0,1
huseyinyg,0,1
hussaini786,0,1
huxley141,0,1
hyena-abc,0,1
hyildiz07,0,1
hyrikxxx,0,1
i1101,0,1
i_will_dominate,0,1
iamasd1,0,1
iamicad,0,1
ianjf,0,1
ibanelani,0,1
ibonuribeetxebarria,0,1
ibrahimandretti,0,1
idealist_realist,0,1
idex,0,1
idilik,0,1
idiot_chessplayer,0,1
idoatricks,0,1
iero83,0,1
ifatcat,0,1
ifroz,0,1
ignacio45,0,1
ignar74,0,1
ignatius_reilly,0,1
igor-webmaster,0,1
igp2016,0,1
igrok51,0,1
ihatepasswords,0,1
iigames,0,1
iihm12,0,1
ilchenko,0,1
iliass2016,0,1
iliberis67,0,1
ilio,0,1
iliya9,0,1
ilkayus,0,1
ilkerozyurek,0,1
iluas05,0,1
ilyadjscjd,0,1
impossible787,0,1
imran05,0,1
inacio,0,1
inadias771,0,1
indonesia8210,0,1
inertiaza,0,1
infested,0,1
inggio,0,1
intellectualhonesty,0,1
ionica,0,1
ioniolep,0,1
ipotekamd,0,1
iqfranta,0,1
iqwinner,0,1
ir2-d2,0,1
irakli,0,1
irakli90,0,1
irene135,0,1
irietk,0,1
iris_foxspring,0,1
isaac_villarreal,0,1
isaachanson,0,1
isaackg,0,1
iseng_iseng,0,1
isidore,0,1
isidre80,0,1
isquiotibial,0,1
iulianyuli,0,1
iv11,0,1
ivan_2009,0,1
ivanchenko-andriy,0,1
ivangonzalez123,0,1
ivanivanov-123,0,1
ivanjavier,0,1
ivanyaru,0,1
ivica014,0,1
ivkaoss,0,1
iya33,0,1
iyad882,0,1
j0hncap0ne,0,1
j0hnnyp,0,1
j_heinz,0,1
jabar72,0,1
jaccomarkus,0,1
jacekk,0,1
jacjan,0,1
jack11,0,1
jacknocler,0,1
jacob1991,0,1
jaganvembu,0,1
jagodin70,0,1
jakerva,0,1
jamal2400,0,1
janeczek,0,1
japcan,0,1
jaqenhghar22,0,1
jaquemarzen,0,1
jarekcz,0,1
jaroslav,0,1
jarquincastillo,0,1
jasthewas,0,1
javaz,0,1
jaybird,0,1
jayesh1g,0,1
jayme336,0,1
jb007sf,0,1
jbgwaps1,0,1
jbh7,0,1
jbosch,0,1
jcotton648,0,1
jcv29,0,1
jdyerjdyer,0,1
jealousfrog3885,0,1
jeanne1,0,1
jeden94,0,1
jeevan,0,1
jeffreytwhitney,0,1
jenny25,0,1
jenny_1998,0,1
jeoda,0,1
jerber777,0,1
jermad,0,1
jermius,0,1
jersey86,0,1
jessehf,0,1
jesussevi,0,1
jetulio,0,1
jeyhun,0,1
jfs123,0,1
jg22,0,1
jgjgd,0,1
jgod,0,1
jhan,0,1
jhinrichs,0,1
jhonwalter,0,1
jiburiru,0,1
jiggahertz,0,1
jimy44,0,1
jirgu,0,1
jitendra_chaturvedi,0,1
jkilman,0,1
jkriklu,0,1
jlap45,0,1
jmc56es,0,1
jmt1112,0,1
joe65,0,1
joebous,0,1
joel49,0,1
joelthelion,0,1
johannesantony,0,1
john007,0,1
johnnyhammer,0,1
johsebac,0,1
jojo17,0,1
jojo9015,0,1
jonas12,0,1
jonastann,0,1
joniwarrior,0,1
jonjic,0,1
jordanson,0,1
jordi5515,0,1
jorgedelfuego,0,1
jorgesolano_cr,0,1
joris42,0,1
josepmescute,0,1
josepoliutla,0,1
joses1,0,1
josevelasco,0,1
joshcholfc,0,1
joshuaredman,0,1
josip111,0,1
josue-argel,0,1
jota2016,0,1
joujou-20,0,1
jovica26,0,1
jownatan,0,1
jox52,0,1
jozef1234x,0,1
jpaz96,0,1
jperdig,0,1
jpvty,0,1
jrbotafoguense,0,1
jricotto,0,1
jrnj101,0,1
jsarda,0,1
jsbchess,0,1
jshholland,0,1
jsolarays,0,1
jsviana,0,1
juan_baz,0,1
juancho2519,0,1
juanml,0,1
jubei,0,1
jukkoleso,0,1
julianotangara,0,1
juliiiiien,0,1
julioitriago,0,1
jumbotron445,0,1
juniohispano,0,1
jupp3,0,1
juqlan,0,1
jurgen1a,0,1
juro1,0,1
jvlima,0,1
jvp,0,1
jyarbrough27,0,1
k-i-r,0,1
k1nrich,0,1
kabyle1983,0,1
kaind,0,1
kaipoche,0,1
kaisaw,0,1
kaji_djagal,0,1
kalm-96,0,1
kamarali,0,1
kamma,0,1
kanabisss,0,1
kanep,0,1
kani501,0,1
kape333,0,1
kapi77,0,1
kaplan59,0,1
karamazov7,0,1
kareem11,0,1
karl_munchhausen,0,1
karldguru,0,1
karlooorgh,0,1
karlrossmann,0,1
karmah313,0,1
kaskade24,0,1
kasparidzec,0,1
katalonien,0,1
katana_blade,0,1
katastrov82,0,1
katerina1965,0,1
katumbayona,0,1
kavabangaa,0,1
kaven,0,1
kavkav9876,0,1
kayapa,0,1
kazik190857,0,1
kcramsib,0,1
keepertop,0,1
kei0075,0,1
keka34,0,1
keklol2,0,1
kelvinator1000,0,1
ken2slink,0,1
keoribeiro1,0,1
keriman,0,1
kerk2020,0,1
kettlekev,0,1
kevin_l,0,1
khaefear,0,1
khald,0,1
khaledalansary,0,1
khallahyari,0,1
khalon,0,1
khatir,0,1
khurbon,0,1
kia010,0,1
kianov95,0,1
kiba2015,0,1
kidip,0,1
kidkash,0,1
kiedyswygrasz,0,1
kikume,0,1
killaunknown,0,1
killscheg,0,1
kimaga,0,1
kimpetersen20,0,1
king_delicious,0,1
kingextreme,0,1
kingsavage,0,1
kingssacrifice,0,1
kingstabber,0,1
kioto,0,1
kirk0007,0,1
kito19,0,1
kiumars,0,1
kizes86,0,1
kjpow22,0,1
kleberdias,0,1
klimkoj,0,1
knight79,0,1
knightcastle,0,1
knightlover84,0,1
knightowl16,0,1
knightsweats,0,1
knm,0,1
knoddel,0,1
knotten93,0,1
kobacb13,0,1
kokekop,0,1
kolpakovpasa,0,1
kolphire,0,1
komarnik,0,1
kondrat70,0,1
konstantingauss,0,1
kooksta,0,1
korzh,0,1
koskor,0,1
kraloyun,0,1
kramer81,0,1
kramevad,0,1
kramnik1993,0,1
kreativ-s,0,1
kresevica,0,1
krillnor,0,1
kris_97,0,1
kristiangarcia,0,1
kristianvik,0,1
krisztina,0,1
krivatsa,0,1
kschmidt4,0,1
kuba226,0,1
kuba_pavlicek,0,1
kubacki,0,1
kucuik,0,1
kudrin64,0,1
kukoevarsenic,0,1
kukushonok,0,1
kumskiy,0,1
kuparacdu,0,1
kuramateca,0,1
kurlmercury,0,1
kurozhawa,0,1
kurshev,0,1
kusartur,0,1
kwespy,0,1
kykypy30,0,1
kyoz,0,1
kyrone,0,1
l1eur,0,1
labg141,0,1
lacobriga,0,1
ladaa,0,1
ladaladalada,0,1
lagrandevero,0,1
laguerrovick,0,1
laira,0,1
laishiyiyou,0,1
laki60,0,1
lakshmandevi,0,1
lance2020,0,1
lanfer,0,1
lapawnjames,0,1
lapircsspacca,0,1
larryfine,0,1
lashazior,0,1
lasker50,0,1
laslonadjlacika,0,1
lbzmosh,0,1
lc777,0,1
leaving_at_dawn,0,1
leclochard,0,1
leifah,0,1
lekope,0,1
lelacrosby,0,1
lelouchx,0,1
lemaitre,0,1
leon1,0,1
leonardook,0,1
leonheart,0,1
leonid-extra,0,1
leonio,0,1
leonkiller,0,1
lescrabbleestmieux,0,1
lesnik1,0,1
let_me_beat_you,0,1
letabac,0,1
lev_chistov62,0,1
levdavidovich,0,1
leviatoff,0,1
lex_v1,0,1
lgoldl,0,1
liemvodich,0,1
lij-y,0,1
lile,0,1
lilkcough1,0,1
lineafutura,0,1
lio83390,0,1
lions67,0,1
lipecrp,0,1
lirik98,0,1
literally_illiterate,0,1
littlemisa777,0,1
littlerose,0,1
litvinartem,0,1
litwin3,0,1
liukang2,0,1
liverfan11,0,1
llcoolp,0,1
logoon,0,1
lojz,0,1
lombart,0,1
longines,0,1
lopez2013,0,1
loporov,0,1
lorddaniels,0,1
lordfischer,0,1
lordmete,0,1
lordwattebausch,0,1
lorensan,0,1
lorenzoberv,0,1
lorista,0,1
lostrano,0,1
lover997,0,1
loz16,0,1
lsd038,0,1
lsm17,0,1
lsuihko,0,1
lucaskw,0,1
lucifersgod,0,1
ludvikkuranda,0,1
luidefunes,0,1
luigitango,0,1
luiguimon,0,1
luisdonis,0,1
lukakantar,0,1
lukos05,0,1
lukuna,0,1
lukyin,0,1
luupuus,0,1
lvovich,0,1
lyrenco,0,1
m1981,0,1
m_taha293,0,1
mabinogi,0,1
mac2224,0,1
macedonio,0,1
machenry,0,1
maco-cambodia,0,1
macuv,0,1
madara21,0,1
madhatt3r,0,1
madhusudanverma,0,1
madmaster,0,1
madmongrel,0,1
maecua,0,1
maestro_pablo,0,1
magadh,0,1
magoggo,0,1
magroers,0,1
mahdi1365,0,1
mahdiizad,0,1
mahdirezaei,0,1
maher71,0,1
mahfi,0,1
mahmoodms,0,1
mahmoudessam2,0,1
mahubis,0,1
maia0411,0,1
maieulgruget47,0,1
maismaus,0,1
majid1969,0,1
makar007,0,1
makonj,0,1
maks8913,0,1
maksimus84,0,1
malamutt,0,1
malek28,0,1
maltegutsch,0,1
malucodoido,0,1
maluighen,0,1
mamadoo68,0,1
mamanism,0,1
mamphoria,0,1
mamsrz,0,1
mandalinci,0,1
mandjcombo,0,1
maneken,0,1
maniuk,0,1
manojmds,0,1
mansour1344,0,1
manuelsobrinhoficial,0,1
marat21,0,1
marbo,0,1
marcban,0,1
marchassassin,0,1
marco2005,0,1
marco2017cowboy,0,1
marcosaurelio,0,1
marcossud185,0,1
marcosvinicius,0,1
marcpe,0,1
marek89,0,1
marellik,0,1
maremmabuhaiola,0,1
mariaa,0,1
mariale200,0,1
marilinmonroe,0,1
marinho797,0,1
mario000,0,1
mario011,0,1
mario_judo,0,1
mariosfjr,0,1
mark2010,0,1
markagabi48,0,1
marko_mostar,0,1
markoo_1234567,0,1
marlowe43,0,1
marqueisss,0,1
marshah,0,1
marshall-3860,0,1
marshmallow55,0,1
martan1208,0,1
martanietzsche,0,1
marten54,0,1
marter_mars,0,1
marthiixd,0,1
martin74,0,1
martinduranh,0,1
martinedition,0,1
martinfoxdale,0,1
martinpopote,0,1
martinus1949,0,1
marty240,0,1
maryam1996m,0,1
maslocvor,0,1
masoud30,0,1
massaggro,0,1
masseik,0,1
massiveman,0,1
master1move,0,1
master22ar,0,1
masterkordkuy,0,1
matanant,0,1
matheus10,0,1
matheusdelavy07,0,1
mathewjohn1965,0,1
mathwhiz16,0,1
matosan,0,1
matteo1234567890,0,1
matzeeeeee,0,1
mauldn,0,1
mauritius,0,1
maurovanegas,0,1
mavericks,0,1
mavrincbor,0,1
max_q,0,1
maxbologna,0,1
maxgary59200,0,1
maxgu,0,1
maxlancast,0,1
maxmamontov,0,1
maxpiz5,0,1
maxsacl,0,1
maxsfo,0,1
maxx38,0,1
mayor_mccheese,0,1
mcaleap,0,1
mckey,0,1
me_zahra,0,1
meddico,0,1
medrazz,0,1
medsadok,0,1
medveckijjvasilijj,0,1
meglio_bans,0,1
mehdi____kargozari,0,1
mehedi_xlr,0,1
mehrdad37,0,1
meisam71,0,1
memormz,0,1
menorca666,0,1
mensajero7,0,1
mentalist999,0,1
merde,0,1
mersoz,0,1
mertoksuz,0,1
mesopotamien,0,1
mestres,0,1
metalmachine,0,1
mhavgar,0,1
mhd_boz,0,1
mhi,0,1
mhnik,0,1
mia2011,0,1
mibbis2,0,1
micahtherock,0,1
micaiahw,0,1
micape,0,1
michael12345,0,1
michelangeio,0,1
michimalonco,0,1
michxd,0,1
mickaelr,0,1
miedlepi,0,1
mihasy,0,1
mihei_pozitiv4ik_jw,0,1
mihosevastopol,0,1
miikka1,0,1
mijndochterenik2151,0,1
mikael1998,0,1
mikan25b,0,1
mikavds,0,1
mike007,0,1
miki1954,0,1
mikmikci,0,1
mikroft,0,1
miladrk,0,1
milanello,0,1
milena2005,0,1
milominderbinder,0,1
milthon,0,1
milton05,0,1
mimelam,0,1
mind123,0,1
mindworm,0,1
minhyun,0,1
minimulti,0,1
minorpieces,0,1
minotavr81,0,1
minouminou1965,0,1
mirelladp,0,1
mirniy86,0,1
mirzabenevis,0,1
miscellaneous,0,1
misterpopo,0,1
mjbelieve,0,1
mjkv90,0,1
mjlcrow,0,1
mjt348,0,1
mnawdirqifuat,0,1
mo_of59,0,1
moccone,0,1
mofire1,0,1
mogus,0,1
mohamad-aghae,0,1
mohamaderfan,0,1
mohamed2006,0,1
mohammad1361,0,1
mohammad_rahmani_74,0,1
mohammedhassanin30,0,1
mohand321,0,1
mohapityu,0,1
mohsen851,0,1
mohsen_gorji,0,1
moiachille,0,1
mojo-jojo,0,1
momama,0,1
momilimiko,0,1
monah11,0,1
monkeyofwar,0,1
monody,0,1
moomoo123,0,1
moon__moon,0,1
mopc,0,1
moraisbatista,0,1
mordekay,0,1
moreno13,0,1
morphlin,0,1
morrsze,0,1
mosib2,0,1
moska89,0,1
mostafaflower,0,1
moussamech,0,1
moveswithoutthinking,0,1
mozaffar466,0,1
mr_aston,0,1
mr_bean_1,0,1
mr_jingles,0,1
mr_quantum,0,1
mrdugong,0,1
mreza021,0,1
mrkam977,0,1
mrmanish1,0,1
mroj,0,1
mrpro9753,0,1
mrsneef,0,1
mrspawn,0,1
mscarokann,0,1
msdjovanov,0,1
msp1964,0,1
mster_bagas1,0,1
mtb35,0,1
mudasir,0,1
muedi,0,1
muhammad_ilham,0,1
muhammadnablsi,0,1
mundus,0,1
muratahmet,0,1
muratbogurcu,0,1
murattibogurcu,0,1
murderink,0,1
musernst,0,1
mussareg,0,1
myazydh,0,1
myer,0,1
mysalek,0,1
mysticalwizard,0,1
mysticp,0,1
mystylus,0,1
mythosofsmythos,0,1
mytika,0,1
n0vak,0,1
n4zgul,0,1
nablus,0,1
naboternura,0,1
nachoherrera,0,1
nachoro,0,1
nadderud,0,1
naddiir,0,1
nagyjanos7777,0,1
nakul2300,0,1
namirmk,0,1
napoleon22,0,1
nasiolla,0,1
nasrollahi,0,1
nastyazdrastya,0,1
nasu,0,1
natosil01,0,1
naturalkiller,0,1
naven,0,1
navigat13,0,1
naza93,0,1
nazmaaziza,0,1
ncc-1701-d,0,1
ndjen,0,1
neaz,0,1
nedia,0,1
neela1216,0,1
neilgally,0,1
nejdetckenobi,0,1
nelasker,0,1
nello1,0,1
neolittad,0,1
neptiumiun,0,1
nerceiram,0,1
nerd3,0,1
nevaliashka,0,1
neverss,0,1
nevrotic,0,1
newfisher,0,1
newtella,0,1
newvasyuki,0,1
nezaisiu,0,1
ngykly94,0,1
nhfc,0,1
nhh,0,1
nichodarwin,0,1
nichteilen,0,1
nick606,0,1
nickelange,0,1
nickstator17,0,1
nicolauchess,0,1
nicolo97,0,1
nidude,0,1
nieto100,0,1
nightraiser,0,1
nightshade7,0,1
nik319,0,1
nikita11,0,1
nikolai69,0,1
nikolasneli,0,1
niliss,0,1
nilov,0,1
nilsenvivar,0,1
nima77,0,1
ninetynine,0,1
ningyuan,0,1
nirmalsoni,0,1
nirmian,0,1
niror,0,1
nishknyaev,0,1
nitalnistein,0,1
nixpuri,0,1
nk_cell,0,1
nknyazev,0,1
noahtea,0,1
nobrainhere,0,1
noirhero,0,1
nojoke,0,1
nomaschess,0,1
noob2chess,0,1
noobemani,0,1
norrin,0,1
nosucumbo,0,1
notzmv,0,1
noura2009,0,1
noushzad,0,1
novato10,0,1
novato58,0,1
novecento,0,1
nprpa,0,1
nska,0,1
nstsonkov,0,1
ntriggers,0,1
ntutov,0,1
nuevotio,0,1
nullvalue,0,1
nunoabreu,0,1
nuntiatusknight,0,1
nunutmaz,0,1
nurmuhamed,0,1
o2ga,0,1
obanebane,0,1
octopus1963,0,1
odisei62,0,1
officiallyjochem,0,1
ogeldi,0,1
oiuytre,0,1
ojgen,0,1
okchristian35,0,1
oldgrl,0,1
oldpolo33,0,1
oleg555,0,1
olegrun,0,1
oleh_zarudskyi,0,1
olevahh,0,1
olga1941,0,1
olhosdelobo,0,1
olhovivo,0,1
olivierser,0,1
oltrivor,0,1
omacheo,0,1
omar-21,0,1
omarscharf,0,1
ombrenoire,0,1
onceknightly,0,1
onditmerciqui,0,1
onlygodknows,0,1
onlypersona,0,1
opipali,0,1
opvish19,0,1
orenhustl,0,1
orhan6161,0,1
oribenami,0,1
osama1973,0,1
osfp1975,0,1
osterzone,0,1
otaner54,0,1
otari,0,1
otimag,0,1
oto101,0,1
otsoeur,0,1
ottomayor,0,1
ottox8,0,1
ouichou97,0,1
outrageouscheese,0,1
overhope,0,1
ovj44be,0,1
ozzy555,0,1
pabcam,0,1
pablo22,0,1
pablomora,0,1
paddy1992,0,1
padresz,0,1
pagasus82,0,1
palacius,0,1
palcsi,0,1
palestino,0,1
palo27,0,1
panacelus1982,0,1
panisaggg25,0,1
pantrohf,0,1
paolo100,0,1
paolomath,0,1
papa10,0,1
papase,0,1
papaso,0,1
papinii,0,1
parenek2016,0,1
parisialbairak,0,1
parobeta,0,1
partyjkowy,0,1
pascaloz52,0,1
pasha123_321,0,1
pasha1991,0,1
pashapasha,0,1
patik21,0,1
patimonin,0,1
patzerson,0,1
patzmaschine,0,1
paulbeagle25,0,1
pauliskov,0,1
paulot,0,1
pavel0873,0,1
pavel1511,0,1
pavel240208,0,1
pavel_fantasma,0,1
pavlove1986,0,1
pavy,0,1
pawngt,0,1
pawninhurry,0,1
pawnsoffury2,0,1
pawnsy,0,1
pawntotsar,0,1
paynando,0,1
pcpl,0,1
pedro84,0,1
pedronstm,0,1
peerlesspenguin,0,1
pentamerone,0,1
peoncarlos,0,1
pepefortuna,0,1
pepino71,0,1
pepitoaje,0,1
perekop,0,1
peronperon,0,1
perrodo,0,1
perumanta,0,1
pet-3-ca,0,1
pete0815,0,1
peter-bon22,0,1
peter1977,0,1
peter_1950,0,1
peterlx,0,1
peternc,0,1
peterrock,0,1
petersalim,0,1
petr-klyunkov,0,1
petricx,0,1
petrosyan228,0,1
petrovich1949,0,1
petter616,0,1
peuplier,0,1
pex111,0,1
pgomez19,0,1
phazon23,0,1
philbsd,0,1
philippe2a,0,1
philiveykk,0,1
philodina,0,1
phlegethon_m,0,1
pichufrenzy,0,1
picklesmcknight,0,1
picpic,0,1
piedescalzo,0,1
piedperson,0,1
pieretti,0,1
pierk,0,1
pietaritamminen,0,1
piggy1122,0,1
pilotpetrov,0,1
pimag-45,0,1
pimentars,0,1
pinetano,0,1
pinha,0,1
pioneros,0,1
pipealiev,0,1
pitagphh,0,1
pitane1000,0,1
pitrinu,0,1
pjrcastro,0,1
plaisirdejouer,0,1
planard,0,1
planetproto,0,1
planter1144,0,1
platonovich,0,1
play4funandwin,0,1
player2002,0,1
player74456,0,1
plky,0,1
plota,0,1
pluhrd,0,1
plumbeo,0,1
plus16,0,1
plussa,0,1
pluto21,0,1
plys98,0,1
plzgnn,0,1
poetrunner,0,1
pogi73,0,1
pogrib,0,1
polasara,0,1
pomboskate,0,1
poncho_ramirez,0,1
popppey,0,1
popsun,0,1
portek,0,1
poseidon126,0,1
positive_by,0,1
posmun,0,1
potyi003,0,1
power_pcp,0,1
pp82,0,1
prabhatkumar,0,1
prakashvaishnavi,0,1
prana_iiyama,0,1
prasanth1981,0,1
prezojr,0,1
prince_saeed,0,1
principe-myskin,0,1
prins,0,1
pristine,0,1
pro100koff,0,1
prochess21,0,1
prodi83,0,1
profonder,0,1
project29,0,1
prometheus_7_77,0,1
pronew,0,1
protopopov,0,1
protopych,0,1
prutis,0,1
przema2011,0,1
psaki,0,1
psg22k,0,1
psi65,0,1
psicox,0,1
psogden2,0,1
pspsps12,0,1
pugb,0,1
punta2001,0,1
pupasso,0,1
pyromaniac115,0,1
qabaar,0,1
qayoom,0,1
quadroninja,0,1
quallada,0,1
quantumninja,0,1
quicoro,0,1
qwentin1103,0,1
qweru,0,1
qwf,0,1
r016eihaneh,0,1
r2d4check,0,1
raacheed,0,1
raaghhu,0,1
raavi,0,1
racimov,0,1
rackbank,0,1
radovankaluza,0,1
raedalghazali,0,1
rafael000,0,1
rafael43,0,1
rafaeldm,0,1
rafiquito,0,1
rafrom,0,1
raga0404,0,1
raimondsr,0,1
rainbowstream,0,1
rajapirka,0,1
rajmal,0,1
rakip2134,0,1
rama2014,0,1
ramannam,0,1
ramchander,0,1
ramongibarrar,0,1
rangerbiru,0,1
raoof90,0,1
raquiroz,0,1
raro8765,0,1
rasiak97,0,1
rasil7,0,1
rastok,0,1
raudo1906,0,1
rava,0,1
ravoshm,0,1
rawhuman,0,1
ray7,0,1
ray8,0,1
rayg3x,0,1
rayl,0,1
raymonsp,0,1
razcvet,0,1
razorboy,0,1
razorradish,0,1
rcatlc,0,1
rchevezzepeda,0,1
rdho,0,1
realehsan2000,0,1
rechevi,0,1
reclaus,0,1
red-0,0,1
redder,0,1
reggge,0,1
rehanov,0,1
reigningamadou,0,1
reiterin,0,1
rekursiv,0,1
rememberthemaine123,0,1
remy_ulloa,0,1
renanreis,0,1
renelara,0,1
replamec,0,1
rerecursing,0,1
restinpeacealready,0,1
restyrona30201598,0,1
retsamdnargeht,0,1
revod,0,1
revolverocelot,0,1
rex123,0,1
reydelmambo13,0,1
reyhanprtrs,0,1
reza32500,0,1
rezahatamiiiii,0,1
rezarooodzard,0,1
reze,0,1
rfqjr,0,1
ribari,0,1
riccardoscacchi,0,1
rich8a,0,1
richardtrumpet,0,1
ricky_77,0,1
rico_bombeiro,0,1
ridamo,0,1
riduwan,0,1
ridwan47,0,1
rihtiq,0,1
rindu38,0,1
rissal,0,1
rive,0,1
riverhorse,0,1
rizainmgr,0,1
rl12,0,1
rleijser,0,1
rm1100,0,1
rmorphy,0,1
rnold85,0,1
rnp,0,1
ro_man_20_04,0,1
rober4071,0,1
robert_190,0,1
robertlemalin,0,1
robtral9,0,1
rockeamos,0,1
rocket45,0,1
rocktom222,0,1
rodanik,0,1
rodoma2001,0,1
rodri9ro9,0,1
roelee,0,1
rogers10,0,1
rohangupta4398,0,1
rohanms,0,1
roja,0,1
romacal,0,1
romain2006,0,1
roman-king-kong,0,1
romannissan87,0,1
romanozvj,0,1
romchik_1,0,1
romek1,0,1
romeu20,0,1
romkoh,0,1
romor64,0,1
rompirio,0,1
ron2thelonjon,0,1
ronaldo69,0,1
ronaldsiklic,0,1
rondelle2,0,1
rondinei,0,1
ronjas,0,1
ronnyr3,0,1
rookie1993,0,1
rooksuras12,0,1
rootchessbr,0,1
rosesntattoos,0,1
rostfrei,0,1
roxanapaez,0,1
royas,0,1
rpm007,0,1
rpmlorenzo,0,1
rtcxks,0,1
rtuudo2,0,1
ruben922,0,1
rubengihr,0,1
rudiramawulan,0,1
rudotato,0,1
rufous,0,1
ruibarbo_7,0,1
ruiter,0,1
rukor,0,1
rulanbadr,0,1
ruma1703,0,1
runkandtoned,0,1
russiansober,0,1
rustysnake1,0,1
ruva98,0,1
ruzeebaba,0,1
rx888,0,1
rybaka,0,1
s7serg,0,1
s_a_prokoshin,0,1
sabaren,0,1
sadusiek,0,1
saeb_59,0,1
saeed7499,0,1
safadao23,0,1
safaei_55,0,1
safran25,0,1
sagaz,0,1
saggy007,0,1
sahmeran,0,1
sairamsandeep,0,1
salahudhinvp,0,1
salaravr,0,1
salbertosis,0,1
salemchess5,0,1
sallahallam1970,0,1
sallen99,0,1
salosalo1,0,1
salvo1969,0,1
sam540,0,1
sam984,0,1
samangan20,0,1
samdooley,0,1
samiraghorbani,0,1
sammyrainbow,0,1
sandeeprg7,0,1
sandocan,0,1
sanglochon,0,1
santeliz,0,1
santimp,0,1
santio,0,1
saprin,0,1
sar7an,0,1
sarascacco,0,1
saruhansen,0,1
sasan555,0,1
sasha111,0,1
sashavaluev,0,1
sasila,0,1
sassenach2,0,1
sata77,0,1
sathvikk,0,1
satoichi,0,1
saukkonen,0,1
savoy,0,1
sawyas,0,1
say1166,0,1
sb6,0,1
scabbard,0,1
schachlerno,0,1
schaslywyj,0,1
schein-n,0,1
schneeeeller,0,1
schuuuusti,0,1
schwiftysam,0,1
scooberftw,0,1
scottdsteinberg,0,1
sdabucket,0,1
sdl18,0,1
seagul,0,1
seaman13,0,1
searchmajid2,0,1
sebastianmda,0,1
sebastion813,0,1
secaje06,0,1
sedik,0,1
segundo_tol,0,1
seisseisseis,0,1
sel2525,0,1
selectable,0,1
semis,0,1
senca,0,1
seppo,0,1
septagonizate,0,1
sergeiurevich29,0,1
sergeiutkin,0,1
sergey-aero,0,1
sergey12345,0,1
sergey23,0,1
sergey69,0,1
sergey_1963,0,1
sergeypurgin,0,1
sergiomico,0,1
sergiysydorenko,0,1
serjjant,0,1
sethmonu,0,1
sexosterone,0,1
shadi-p,0,1
shafara,0,1
shahimuramato,0,1
shahrizar,0,1
shairo08,0,1
shakes,0,1
shamlanaseer,0,1
shamliq,0,1
shatir,0,1
shelob,0,1
shemyaka,0,1
sherepaak,0,1
shir0,0,1
shiva77077,0,1
shiyasph,0,1
shon_tambunan,0,1
shozolosa,0,1
shturmovic,0,1
shud,0,1
shueybalooey,0,1
shushul2016,0,1
shuthdar,0,1
sibek,0,1
sickboy74,0,1
sieg09090,0,1
siegfried1944,0,1
sielskr,0,1
sigi1,0,1
sigma36,0,1
silverblaze,0,1
simancungnababan,0,1
simoon23,0,1
sinistar,0,1
sipo,0,1
sirius11111,0,1
sischen126,0,1
sitaikuku,0,1
sixtyfour,0,1
skagarmanov,0,1
skakkolomatto,0,1
skalamoosh,0,1
skandar,0,1
skillet,0,1
skinnerua,0,1
skipskipskop,0,1
sknatthh,0,1
skorlions28,0,1
skryvladimir,0,1
slam_ment,0,1
slavy,0,1
slechta,0,1
slimes1,0,1
sllallom,0,1
smail94,0,1
smartguy101,0,1
smashtoblack,0,1
smilepls,0,1
smohajer,0,1
smorris,0,1
smrttwin,0,1
snake-mark,0,1
snatchpato,0,1
snigirev,0,1
snilleblixten,0,1
snusmumrik,0,1
sockoot,0,1
sogol1350,0,1
sokolovi,0,1
somerandomguy23,0,1
sommer2130,0,1
sonata2,0,1
songhuonggiang,0,1
sonnnoleg70,0,1
sonofplaninc,0,1
sony1977,0,1
sorenagrand,0,1
soulaimane,0,1
soultego,0,1
soupe_salade,0,1
southafricamj,0,1
southerntower,0,1
southpaww,0,1
soy714,0,1
spaiva,0,1
spallaxx,0,1
spaxxts,0,1
spdchi,0,1
sped112,0,1
speedlearn,0,1
spetchess,0,1
spi2rone,0,1
spiceykid21,0,1
spideysenses,0,1
spiran,0,1
splintz,0,1
springeramrand,0,1
squadbedoesa,0,1
sreemon99,0,1
sreeraman,0,1
srpm,0,1
ss7gowda,0,1
st1l213,0,1
stailetyat,0,1
stalker56,0,1
startitan,0,1
stas777333,0,1
stavrosah,0,1
stawr,0,1
staydown,0,1
steenhanson,0,1
stefan_he,0,1
stereolab,0,1
stiffypawn,0,1
stigdagerman,0,1
stockbroker,0,1
stockfish_level_0,0,1
stoneangel,0,1
stonekilla13,0,1
stoptryingsodamnhard,0,1
stratus22,0,1
streeet1,0,1
streetbishop,0,1
strike88,0,1
stroyprospekt,0,1
strutqueen,0,1
stryker2202,0,1
studentpertama01,0,1
stxe4,0,1
styx13,0,1
sualan,0,1
subham777,0,1
sud3457,0,1
sudo_ybmt,0,1
suhamdi_bungo,0,1
sukhankin,0,1
sulyy,0,1
summu,0,1
sunilsb,0,1
sunlitvoid,0,1
supaproximalsix,0,1
superevans,0,1
supergenial,0,1
superiority,0,1
sureka_akshat,0,1
surgate,0,1
survivor33,0,1
surya9415,0,1
swarje,0,1
swindler930,0,1
switcherfill,0,1
syahran,0,1
syoung,0,1
systemd,0,1
szeweningen2,0,1
szkolkaszachowa,0,1
t0ne,0,1
tacticalattack,0,1
tafisch,0,1
tahsinkayas,0,1
tainamurilo,0,1
tajbo4,0,1
tajo12,0,1
takamaka,0,1
tal04,0,1
talforest,0,1
talisman159,0,1
talmagier,0,1
talomedina,0,1
tanishgup,0,1
tankez0r,0,1
tanphatls987,0,1
tarapacaperu,0,1
taras1814,0,1
tardigardi,0,1
tarekahmed91066,0,1
tarik2016,0,1
tarsis,0,1
tarum,0,1
tarunsngh,0,1
taw12,0,1
taylantrc,0,1
tbaruel,0,1
tchessk87,0,1
teddy1984,0,1
teddykaygeebee,0,1
teddykish,0,1
telme12,0,1
temperst,0,1
tengiz12,0,1
tenilla,0,1
tenple,0,1
teodor2014,0,1
terabaap,0,1
terrano,0,1
tes111,0,1
tesozg40,0,1
testing1234,0,1
tevfikyazici,0,1
tezzer,0,1
thawinter,0,1
thc228,0,1
the2001,0,1
the_btg,0,1
the_promise,0,1
theadrian,0,1
thealextag,0,1
theanswer13,0,1
theboss101,0,1
thechesschump,0,1
thefleegsleegs,0,1
thejamster,0,1
thejollyfellow,0,1
thejuicecar,0,1
thekingslastpawn,0,1
themunky,0,1
thenowhereman,0,1
thepradagy,0,1
thequeenisdead,0,1
thequeentwo,0,1
thercias,0,1
thesatantango,0,1
theshadowuser,0,1
thesmallbang,0,1
thesrinivaskumar,0,1
thevicentesilva98,0,1
thevu13,0,1
thiagobezerra,0,1
thinkingmanga63,0,1
thomix,0,1
thonynho,0,1
ti033ma,0,1
tidper,0,1
tijocoarriba,0,1
tillh,0,1
tillinator97,0,1
timexs,0,1
timur-30,0,1
timur-tamerlan,0,1
timur86,0,1
timur_kh,0,1
tintoreti,0,1
tireddoc,0,1
tisnjh,0,1
titaning,0,1
titian1,0,1
titopulo,0,1
tjchess,0,1
tjuafu,0,1
tjwds,0,1
tjwpdl,0,1
tobias-lichess,0,1
tofol,0,1
tohaimr,0,1
toliklunev,0,1
tolima307,0,1
tomislavlevi,0,1
tomisote,0,1
tomminator,0,1
tonidamigo,0,1
tonisubi,0,1
tontorron,0,1
tonybleff,0,1
tonycitrini,0,1
tonye,0,1
tonypons,0,1
top_cat_matroskin,0,1
topalovv,0,1
topraktoprak,0,1
tops123,0,1
torbar,0,1
tornadito,0,1
torrebranca,0,1
tortuguillo,0,1
tossinov,0,1
totalitarizm,0,1
totamoscal,0,1
tousfa,0,1
tower-bgk,0,1
toxicrazy,0,1
toxigen88,0,1
training,0,1
traka1,0,1
tranh,0,1
trashpanda,0,1
traverru,0,1
trebortau,0,1
tree33,0,1
trevorrogers95,0,1
trianovitz,0,1
trik1,0,1
trinankur,0,1
trippinboris,0,1
trithemius,0,1
trito,0,1
trois0,0,1
troxan,0,1
truenochess,0,1
trustme,0,1
tsarmaxamar,0,1
tscheezel,0,1
tsebar,0,1
tsi,0,1
tttony,0,1
tttt3333,0,1
ttttfffddddfed1,0,1
tuklaw,0,1
tumursuh,0,1
tuncay13,0,1
tupson,0,1
turgayto,0,1
turix,0,1
turkishcuirassier,0,1
tvertankist,0,1
tvlamp,0,1
tvnet,0,1
twiki,0,1
twoandahalf,0,1
tylda,0,1
udai1028,0,1
udaysatya,0,1
udobnyy,0,1
ugopompeo,0,1
ugursirmen,0,1
uguzzone,0,1
uhdaudio,0,1
ukrnoob,0,1
ulafec_007,0,1
uldmr,0,1
ulflyder,0,1
ulma21,0,1
ultrakid,0,1
ultralisco,0,1
umeshvarr,0,1
umma,0,1
umutarda_m,0,1
undodo,0,1
uniak,0,1
urbans,0,1
uriellaurito,0,1
urkos,0,1
urncat,0,1
urukovstom,0,1
urungu14,0,1
user21,0,1
v15halkumar,0,1
vaalosnah,0,1
vadik1810,0,1
vadim1965,0,1
vadonchezspeedy,0,1
vahapsanal,0,1
vajas,0,1
val4,0,1
valedol,0,1
valefort,0,1
valeiviale,0,1
valhak,0,1
valivarius,0,1
valkiria,0,1
vaniladr,0,1
vanraj,0,1
vanraj01,0,1
vanz123,0,1
varelse,0,1
varun2271,0,1
vasiliy_sumy,0,1
vasily61,0,1
vastas,0,1
vdn,0,1
veekky,0,1
vegard87,0,1
velador,0,1
velihiljainen,0,1
velosoff,0,1
venerabile48,0,1
vera08,0,1
verzini,0,1
vfhcbr,0,1
vicente_gar_bra,0,1
vicio,0,1
victor68,0,1
victor_simon,0,1
victordik,0,1
victorhugodass,0,1
victorpsiar,0,1
victoures,0,1
vijayalakshmi,0,1
vikingo31,0,1
vikowski,0,1
viktoar,0,1
viktor707,0,1
vikwww,0,1
vilar,0,1
vinoth,0,1
viperdios,0,1
viperfish12,0,1
virusxx4,0,1
visera601,0,1
vishenka65,0,1
vishfrnds,0,1
vishuvishu,0,1
vitoromanelli,0,1
vitruvio,0,1
viva_la_ukraine,0,1
vjhjpjd,0,1
vladimir007,0,1
vladimirrostov,0,1
vladimirsahmat0v,0,1
vladislavodessa,0,1
vladospamperos,0,1
vladroon22,0,1
vlajkooo,0,1
vocka,0,1
vojislav_seselj,0,1
vold111,0,1
voldemar15,0,1
volgodonsk1,0,1
volkov-21,0,1
voltimand,0,1
voselok,0,1
voskresensk,0,1
votseff,0,1
vovak,0,1
vpk1,0,1
vsirk,0,1
vtavkins,0,1
vukosi,0,1
vulcanforge,0,1
vvz74,0,1
vwhite,0,1
waki59,0,1
walledmisk,0,1
walpolemarsh,0,1
waltersobshak,0,1
walterwhite97,0,1
wanderson74,0,1
wangelillo,0,1
wansilence,0,1
wardsstone,0,1
wari,0,1
warnado,0,1
warrior_king,0,1
wartaqu,0,1
warumer,0,1
wattar,0,1
waverider,0,1
wavyboi,0,1
wazbi,0,1
weirdal,0,1
weteran,0,1
whiskeyinthejar,0,1
whitechocolate55,0,1
whited,0,1
whiteslon,0,1
whitethunder,0,1
whitteaker,0,1
whochess,0,1
whoismuriloo,0,1
whynot46,0,1
wibe,0,1
wilane,0,1
wilbruh,0,1
wildfig,0,1
wiliiliw,0,1
will_sun,0,1
willisand,0,1
willoh,0,1
winnirossi,0,1
wiseoldking,0,1
wishiwasbetter,0,1
wismith,0,1
wissamram,0,1
witnik,0,1
wizzards,0,1
wlad26091989,0,1
woodbird,0,1
woodcrusher75,0,1
woolypencil,0,1
woundedkneew,0,1
wpao,0,1
wpc96,0,1
wschiefele,0,1
wylly,0,1
xakma,0,1
xamateur,0,1
xandinho,0,1
xavier-yazid87,0,1
xedfr,0,1
xedrac,0,1
xek0ff,0,1
xipsychox,0,1
xmen123,0,1
xogu_kohem,0,1
xslyepov,0,1
xtianjr,0,1
xtreh,0,1
xures,0,1
xvid,0,1
xxfudoxx,0,1
xxsecondsplay,0,1
xxxlucasxxx,0,1
yaaaaaaaaarg,0,1
yagoluz,0,1
yahya-qasem,0,1
yakov123,0,1
yakovlevoleg,0,1
yamaarashi,0,1
yamamoto8,0,1
yarbis,0,1
yarchik2005,0,1
yashin78,0,1
yashvantkumar,0,1
yaspoptint,0,1
yayaang,0,1
yelilyina,0,1
yersinia_pestis,0,1
yexsoo,0,1
ykosta,0,1
yogeshvar,0,1
yokyramirez,0,1
yolandoparada,0,1
yomoime,0,1
yomomma,0,1
yonilev,0,1
yorgi53,0,1
yorman79,0,1
yosi_ptmbf,0,1
yosoirojo,0,1
younggandhi,0,1
yourturnsoon,0,1
yousefnezhadali,0,1
yramb,0,1
yriibass,0,1
yudi-aja,0,1
yugo74,0,1
yuliya007,0,1
yumafiktif,0,1
yur-koto,0,1
yusuf72,0,1
yuzas,0,1
z52,0,1
z_nihat2004_z,0,1
zackittup,0,1
zafod_biblbrox,0,1
zahirihaz,0,1
zako17,0,1
zalmoxe,0,1
zamis,0,1
zangano,0,1
zangi,0,1
zaraki2103,0,1
zaretsky,0,1
zauri_odisharia,0,1
zbinladen,0,1
zeck123,0,1
zenith-bjb,0,1
zenz,0,1
zeus111111,0,1
zeya2500,0,1
zezo86,0,1
zhilenkov,0,1
zhulec,0,1
ziad26150,0,1
ziffy,0,1
zijakg,0,1
zilberman1,0,1
zizonaz,0,1
zkatan,0,1
zodiac15,0,1
zoerichi,0,1
zonguldak1980,0,1
zonvolt,0,1
zpino,0,1
zsocesz,0,1
zubairali,0,1
zubajda,0,1
zuri,0,1
zuul,0,1
zuzino,0,1
zygot,0,1
zz12345,0,1
zzblesk,0,1
zzeljko,0,1
